{
  "TL2 opacity": {
    "1": {
      "med_time": 55.861190000000001, 
      "stddev": 1.0565379946620765
    }, 
    "2": {
      "med_time": 29.277372, 
      "stddev": 0.07810520385838586
    }, 
    "4": {
      "med_time": 14.849443000000001, 
      "stddev": 0.052003743742157438
    }, 
    "8": {
      "med_time": 7.5358640000000001, 
      "stddev": 0.017402890890883579
    }, 
    "16": {
      "med_time": 4.7579279999999997, 
      "stddev": 0.0057623560250994309
    }
  }, 
  "no opacity": {
    "1": {
      "med_time": 55.336454000000003, 
      "stddev": 0.23140320780110327
    }, 
    "2": {
      "med_time": 29.077867999999999, 
      "stddev": 0.0836288257035816
    }, 
    "4": {
      "med_time": 14.724618, 
      "stddev": 0.11259005851068696
    }, 
    "8": {
      "med_time": 7.4587899999999996, 
      "stddev": 0.17977229242171905
    }, 
    "16": {
      "med_time": 4.680396, 
      "stddev": 0.01544676064940486
    }
  }, 
  "slow opacity": {
    "1": {
      "med_time": 95.31317, 
      "stddev": 0.1945010013553656
    }, 
    "2": {
      "med_time": 49.475824000000003, 
      "stddev": 0.078534792031556402
    }, 
    "4": {
      "med_time": 25.246365999999998, 
      "stddev": 0.18304581052075436
    }, 
    "8": {
      "med_time": 12.610268, 
      "stddev": 0.089097808294031314
    }, 
    "16": {
      "med_time": 8.6018720000000002, 
      "stddev": 0.20015115305248679
    }
  }
}