{
  "no opacity": {
    "10": {
      "1": {
        "err_abort_rate": [
          0.0, 
          0.0
        ], 
        "err_time": [
          8.4390619999999998, 
          8.4723579999999998
        ], 
        "med_abort_rate": 0.0, 
        "med_time": 8.4510190000000005, 
        "std_abort_rate": 0.0, 
        "std_time": 0.011146980839671299
      }, 
      "2": {
        "err_abort_rate": [
          1.1975165235675573e-05, 
          1.456768901391313e-05
        ], 
        "err_time": [
          4.5087070000000002, 
          4.5250719999999998
        ], 
        "med_abort_rate": 1.3333155557925894e-05, 
        "med_time": 4.5112430000000003, 
        "std_abort_rate": 8.6452729299512199e-07, 
        "std_time": 0.0071296300717496944
      }, 
      "4": {
        "err_abort_rate": [
          4.6664488990513777e-05, 
          5.7897882209042464e-05
        ], 
        "err_time": [
          2.285345, 
          2.300551
        ], 
        "med_abort_rate": 5.1725719373281799e-05, 
        "med_time": 2.2918639999999999, 
        "std_abort_rate": 4.060084162725085e-06, 
        "std_time": 0.0049368765591211537
      }, 
      "6": {
        "err_abort_rate": [
          8.2585792009472799e-05, 
          0.00010505071752355833
        ], 
        "err_time": [
          1.54308, 
          1.555701
        ], 
        "med_abort_rate": 8.6165435661330836e-05, 
        "med_time": 1.5492809999999999, 
        "std_abort_rate": 8.6377493392230592e-06, 
        "std_time": 0.0040018319804809343
      }, 
      "8": {
        "err_abort_rate": [
          9.9125975536005503e-05, 
          0.00011171591322204124
        ], 
        "err_time": [
          1.1733169999999999, 
          1.191659
        ], 
        "med_abort_rate": 0.00010418667486992714, 
        "med_time": 1.175932, 
        "std_abort_rate": 4.2690622308261001e-06, 
        "std_time": 0.0066711093230436749
      }, 
      "10": {
        "err_abort_rate": [
          0.00013640114527586051, 
          0.00041797337335610404
        ], 
        "err_time": [
          0.940523, 
          0.951654
        ], 
        "med_abort_rate": 0.00014467042546436492, 
        "med_time": 0.95079599999999997, 
        "std_abort_rate": 0.00011000523597145447, 
        "std_time": 0.0041704575576308198
      }, 
      "12": {
        "err_abort_rate": [
          0.00016009797946968686, 
          0.00021081995136823135
        ], 
        "err_time": [
          0.80007399999999995, 
          0.81549199999999999
        ], 
        "med_abort_rate": 0.0001691073673784729, 
        "med_time": 0.80537599999999998, 
        "std_abort_rate": 2.2903506820764479e-05, 
        "std_time": 0.0053265239096431547
      }, 
      "14": {
        "err_abort_rate": [
          0.00019440683512214366, 
          0.00022303688353660713
        ], 
        "err_time": [
          0.83245899999999995, 
          0.84140999999999999
        ], 
        "med_abort_rate": 0.00021279442527978023, 
        "med_time": 0.83921900000000005, 
        "std_abort_rate": 1.0212300749353923e-05, 
        "std_time": 0.0032492281298794898
      }, 
      "16": {
        "err_abort_rate": [
          0.00022390047463444605, 
          0.00026486809790887499
        ], 
        "err_time": [
          0.74473500000000004, 
          0.76403900000000002
        ], 
        "med_abort_rate": 0.00025734116588507772, 
        "med_time": 0.74907699999999999, 
        "std_abort_rate": 1.508660429010386e-05, 
        "std_time": 0.0067045317927503338
      }, 
      "18": {
        "err_abort_rate": [
          0.00032668368910425356, 
          0.00042722523013026298
        ], 
        "err_time": [
          0.67058300000000004, 
          0.68749700000000002
        ], 
        "med_abort_rate": 0.00034827406873710789, 
        "med_time": 0.67519300000000004, 
        "std_abort_rate": 3.628660244487499e-05, 
        "std_time": 0.005685991628555211
      }, 
      "20": {
        "err_abort_rate": [
          0.00029040946500356131, 
          0.00033717022851058136
        ], 
        "err_time": [
          0.63411799999999996, 
          0.63918900000000001
        ], 
        "med_abort_rate": 0.0002978125158517592, 
        "med_time": 0.63657799999999998, 
        "std_abort_rate": 1.6799734913534172e-05, 
        "std_time": 0.0017474968383376461
      }, 
      "22": {
        "err_abort_rate": [
          0.00032421615776331083, 
          0.00034222885644591693
        ], 
        "err_time": [
          0.58557099999999995, 
          0.586252
        ], 
        "med_abort_rate": 0.00032890445689605276, 
        "med_time": 0.58586800000000006, 
        "std_abort_rate": 6.4023686662056938e-06, 
        "std_time": 0.00024813786490578631
      }, 
      "24": {
        "err_abort_rate": [
          0.00034222885644591693, 
          0.00036788966222644457
        ], 
        "err_time": [
          0.54127599999999998, 
          0.55152599999999996
        ], 
        "med_abort_rate": 0.00034642350131109013, 
        "med_time": 0.54302600000000001, 
        "std_abort_rate": 1.1169537738790695e-05, 
        "std_time": 0.0035833568396128105
      }
    }
  }
}