{
  "no opacity": {
    "25": {
      "1": {
        "err_abort_rate": [
          0.0, 
          0.0
        ], 
        "err_time": [
          7.4814309999999997, 
          8.4289570000000005
        ], 
        "med_abort_rate": 0.0, 
        "med_time": 7.8092920000000001, 
        "std_abort_rate": 0.0, 
        "std_time": 0.34489463897625328
      }, 
      "24": {
        "err_abort_rate": [
          0.36890464738317957, 
          0.37452987972801982
        ], 
        "err_time": [
          10.135009999999999, 
          10.179195
        ], 
        "med_abort_rate": 0.37312992388209171, 
        "med_time": 10.165283000000001, 
        "std_abort_rate": 0.0020069804120342407, 
        "std_time": 0.014843230632177304
      }
    }
  }
}