{
  "TL2 opacity": {
    "5": {
      "1": {
        "med_abort_rate": 0.0, 
        "med_time": 35.774467000000001, 
        "std_abort_rate": 0.0, 
        "std_time": 0.055538250359190251
      }, 
      "2": {
        "med_abort_rate": 3.213562527274114e-06, 
        "med_time": 21.241576999999999, 
        "std_abort_rate": 2.4724572138427691e-07, 
        "std_time": 0.015384458495507626
      }, 
      "4": {
        "med_abort_rate": 9.2613912717455077e-06, 
        "med_time": 11.020848000000001, 
        "std_abort_rate": 7.5987399696134833e-07, 
        "std_time": 0.020386371049306136
      }, 
      "8": {
        "med_abort_rate": 0.00016240874885432781, 
        "med_time": 6.3994989999999996, 
        "std_abort_rate": 8.2337771803403558e-05, 
        "std_time": 0.021327438959237398
      }, 
      "16": {
        "med_abort_rate": 0.00029611987187827001, 
        "med_time": 4.7614330000000002, 
        "std_abort_rate": 0.00010730926989778867, 
        "std_time": 0.039856270947493513
      }, 
      "24": {
        "med_abort_rate": 0.00021310830182257986, 
        "med_time": 3.5184489999999999, 
        "std_abort_rate": 5.657988929093187e-05, 
        "std_time": 0.0083432059161931381
      }
    }, 
    "50": {
      "1": {
        "med_abort_rate": 0.0, 
        "med_time": 34.919679000000002, 
        "std_abort_rate": 0.0, 
        "std_time": 2.0724869398350774
      }, 
      "2": {
        "med_abort_rate": 0.00031303923065659634, 
        "med_time": 17.900967000000001, 
        "std_abort_rate": 1.5583042612389637e-05, 
        "std_time": 0.077367289383563631
      }, 
      "4": {
        "med_abort_rate": 0.0009641675230297348, 
        "med_time": 9.0958600000000001, 
        "std_abort_rate": 1.7761508243476014e-05, 
        "std_time": 0.019561296627780542
      }, 
      "8": {
        "med_abort_rate": 0.0022463152565146468, 
        "med_time": 4.6377100000000002, 
        "std_abort_rate": 3.1398559743752887e-05, 
        "std_time": 0.018860554282416991
      }, 
      "16": {
        "med_abort_rate": 0.004669077839562023, 
        "med_time": 2.8602270000000001, 
        "std_abort_rate": 6.3900768894106839e-05, 
        "std_time": 0.061088941851696762
      }, 
      "24": {
        "med_abort_rate": 0.007553888935376089, 
        "med_time": 2.0366390000000001, 
        "std_abort_rate": 0.00076310699306176471, 
        "std_time": 0.14088049728986624
      }
    }
  }, 
  "no opacity": {
    "5": {
      "1": {
        "med_abort_rate": 0.0, 
        "med_time": 35.101376000000002, 
        "std_abort_rate": 0.0, 
        "std_time": 2.1033027042752925
      }, 
      "2": {
        "med_abort_rate": 2.7744434002468537e-06, 
        "med_time": 18.579048, 
        "std_abort_rate": 3.073056021134149e-07, 
        "std_time": 0.093643245343164566
      }, 
      "4": {
        "med_abort_rate": 1.3472872371480025e-05, 
        "med_time": 9.3405319999999996, 
        "std_abort_rate": 0.00026547674301798053, 
        "std_time": 0.026000689347784895
      }, 
      "8": {
        "med_abort_rate": 7.1432022850104177e-05, 
        "med_time": 4.7449870000000001, 
        "std_abort_rate": 4.6605622207397142e-05, 
        "std_time": 0.028015057618359453
      }, 
      "16": {
        "med_abort_rate": 0.00014123753417107128, 
        "med_time": 2.969252, 
        "std_abort_rate": 0.00020933277095164151, 
        "std_time": 0.029861769046056079
      }, 
      "24": {
        "med_abort_rate": 0.00037319406714013468, 
        "med_time": 2.1580370000000002, 
        "std_abort_rate": 0.00010936723662293912, 
        "std_time": 0.011105498764125836
      }
    }, 
    "50": {
      "1": {
        "med_abort_rate": 0.0, 
        "med_time": 34.569361999999998, 
        "std_abort_rate": 0.0, 
        "std_time": 0.13289229445472117
      }, 
      "2": {
        "med_abort_rate": 0.00030872818688346246, 
        "med_time": 17.602177999999999, 
        "std_abort_rate": 5.4699850965651059e-06, 
        "std_time": 0.024640601213444573
      }, 
      "4": {
        "med_abort_rate": 0.00094929406293549302, 
        "med_time": 8.9044030000000003, 
        "std_abort_rate": 9.8862553982776234e-06, 
        "std_time": 0.020799506134521521
      }, 
      "8": {
        "med_abort_rate": 0.002244363267567542, 
        "med_time": 4.5360250000000004, 
        "std_abort_rate": 5.9317769720926145e-05, 
        "std_time": 0.0097865331430491108
      }, 
      "16": {
        "med_abort_rate": 0.0046638330161593803, 
        "med_time": 2.773641, 
        "std_abort_rate": 7.1200177369822954e-05, 
        "std_time": 0.0061590868608909239
      }, 
      "24": {
        "med_abort_rate": 0.0075484813327360454, 
        "med_time": 1.9831859999999999, 
        "std_abort_rate": 3.5979445484080196e-05, 
        "std_time": 0.0084814226966942394
      }
    }
  }
}