{
  "no opacity": {
    "25": {
      "1": {
        "med_abort_rate": 0.0, 
        "med_time": 7.1119029999999999, 
        "std_abort_rate": 0.0, 
        "std_time": 0.24961718226468294
      }, 
      "24": {
        "med_abort_rate": 0.37600128668888522, 
        "med_time": 9.9521230000000003, 
        "std_abort_rate": 0.008554666206055675, 
        "std_time": 0.07728502739599688
      }
    }
  }
}