{
  "no opacity": {
    "10": {
      "1": {
        "med_abort_rate": 0.0, 
        "med_time": 8.8608209999999996, 
        "std_abort_rate": 0.0, 
        "std_time": 0.57088170844531338
      }, 
      "2": {
        "med_abort_rate": 1.1604803598575523e-05, 
        "med_time": 5.297301, 
        "std_abort_rate": 0.0002724910829290945, 
        "std_time": 0.19646147270302111
      }, 
      "4": {
        "med_abort_rate": 3.8887376602021035e-05, 
        "med_time": 2.6959770000000001, 
        "std_abort_rate": 0.00015048798094585369, 
        "std_time": 0.14508159705572582
      }, 
      "8": {
        "med_abort_rate": 9.6904188915024905e-05, 
        "med_time": 1.364846, 
        "std_abort_rate": 1.6743410854029951e-05, 
        "std_time": 0.1579313528599055
      }, 
      "16": {
        "med_abort_rate": 0.00021279421515716903, 
        "med_time": 0.84273699999999996, 
        "std_abort_rate": 0.00013210233008653625, 
        "std_time": 0.006688785330685963
      }, 
      "24": {
        "med_abort_rate": 0.0013121045777679033, 
        "med_time": 0.74109700000000001, 
        "std_abort_rate": 0.0028110132836831354, 
        "std_time": 0.18972145369398788
      }
    }
  }
}