{
  "TL2 opacity": {
    "5": {
      "1": {
        "err_abort_rate": [
          0.0, 
          0.0
        ], 
        "err_time": [
          27.280996999999999, 
          27.431491000000001
        ], 
        "med_abort_rate": 0.0, 
        "med_time": 27.347304999999999, 
        "std_abort_rate": 0.0, 
        "std_time": 0.05456381607842347
      }, 
      "2": {
        "err_abort_rate": [
          4.0718397074790351e-06, 
          4.8103561018798297e-06
        ], 
        "err_time": [
          17.315753000000001, 
          17.361021999999998
        ], 
        "med_abort_rate": 4.4111581863082005e-06, 
        "med_time": 17.336116000000001, 
        "std_abort_rate": 2.3938572684015804e-07, 
        "std_time": 0.014759191991432783
      }, 
      "4": {
        "err_abort_rate": [
          1.1856146855264829e-05, 
          1.3732346350213793e-05
        ], 
        "err_time": [
          9.3322050000000001, 
          9.4557730000000006
        ], 
        "med_abort_rate": 1.2315217595024828e-05, 
        "med_time": 9.4449120000000004, 
        "std_abort_rate": 6.3261434818247625e-07, 
        "std_time": 0.047065966485349268
      }, 
      "8": {
        "err_abort_rate": [
          5.0057374373354723e-05, 
          0.00017070937628733011
        ], 
        "err_time": [
          5.8764139999999996, 
          6.0481920000000002
        ], 
        "med_abort_rate": 7.1950910518315002e-05, 
        "med_time": 5.8923969999999999, 
        "std_abort_rate": 4.2846724378079082e-05, 
        "std_time": 0.062809049413599827
      }, 
      "16": {
        "err_abort_rate": [
          0.00011042692630372778, 
          0.00021015542621170786
        ], 
        "err_time": [
          4.4462219999999997, 
          4.520359
        ], 
        "med_abort_rate": 0.00015360913513945773, 
        "med_time": 4.4940280000000001, 
        "std_abort_rate": 3.6362786150303779e-05, 
        "std_time": 0.028820700584128944
      }, 
      "24": {
        "err_abort_rate": [
          0.00013183892468612618, 
          0.00021356718787410927
        ], 
        "err_time": [
          3.2833160000000001, 
          3.308665
        ], 
        "med_abort_rate": 0.00014107792113371008, 
        "med_time": 3.3018860000000001, 
        "std_abort_rate": 3.3685412467724614e-05, 
        "std_time": 0.0084665870573684774
      }
    }, 
    "50": {
      "1": {
        "err_abort_rate": [
          0.0, 
          0.0
        ], 
        "err_time": [
          30.508894999999999, 
          30.674904000000002
        ], 
        "med_abort_rate": 0.0, 
        "med_time": 30.663233000000002, 
        "std_abort_rate": 0.0, 
        "std_time": 0.061516038411459188
      }, 
      "2": {
        "err_abort_rate": [
          0.00033851282124660925, 
          0.00036476885591355782
        ], 
        "err_time": [
          16.051779, 
          16.527850999999998
        ], 
        "med_abort_rate": 0.00034537087382751291, 
        "med_time": 16.073664999999998, 
        "std_abort_rate": 9.5208505094260149e-06, 
        "std_time": 0.18348642981713872
      }, 
      "4": {
        "err_abort_rate": [
          0.0010301142410208768, 
          0.0010774652673655337
        ], 
        "err_time": [
          8.1459600000000005, 
          8.2103070000000002
        ], 
        "med_abort_rate": 0.0010445939569465889, 
        "med_time": 8.1791210000000003, 
        "std_abort_rate": 1.6063793207186998e-05, 
        "std_time": 0.02380805701102039
      }, 
      "8": {
        "err_abort_rate": [
          0.0024112307370009784, 
          0.0025101538598749735
        ], 
        "err_time": [
          4.1506239999999996, 
          4.1820909999999998
        ], 
        "med_abort_rate": 0.0024898635367015276, 
        "med_time": 4.1535019999999996, 
        "std_abort_rate": 3.8406169583674182e-05, 
        "std_time": 0.011759458888911459
      }, 
      "16": {
        "err_abort_rate": [
          0.0049858015375895881, 
          0.0050898433133551475
        ], 
        "err_time": [
          2.5605769999999999, 
          2.581982
        ], 
        "med_abort_rate": 0.0050514125050991118, 
        "med_time": 2.5698180000000002, 
        "std_abort_rate": 3.6801638171242727e-05, 
        "std_time": 0.006817696050719798
      }, 
      "24": {
        "err_abort_rate": [
          0.0081298472867641133, 
          0.0084486143242070936
        ], 
        "err_time": [
          1.8401810000000001, 
          1.8667469999999999
        ], 
        "med_abort_rate": 0.0082334256585194533, 
        "med_time": 1.846473, 
        "std_abort_rate": 0.00011011803635227352, 
        "std_time": 0.0098640002757501531
      }
    }
  }, 
  "no opacity": {
    "5": {
      "1": {
        "err_abort_rate": [
          0.0, 
          0.0
        ], 
        "err_time": [
          26.219856, 
          26.351562000000001
        ], 
        "med_abort_rate": 0.0, 
        "med_time": 26.307245999999999, 
        "std_abort_rate": 0.0, 
        "std_time": 0.049083078739623046
      }, 
      "2": {
        "err_abort_rate": [
          3.8323206426035252e-06, 
          4.1516793702732731e-06
        ], 
        "err_time": [
          14.25417, 
          14.323128000000001
        ], 
        "med_abort_rate": 3.8722404947174459e-06, 
        "med_time": 14.297554, 
        "std_abort_rate": 1.1801698535495864e-07, 
        "std_time": 0.022990832811362022
      }, 
      "4": {
        "err_abort_rate": [
          9.9999000009999908e-06, 
          4.7023736767987514e-05
        ], 
        "err_time": [
          7.1998550000000003, 
          7.3090070000000003
        ], 
        "med_abort_rate": 1.1217439037909395e-05, 
        "med_time": 7.2651409999999998, 
        "std_abort_rate": 1.43186320332741e-05, 
        "std_time": 0.034929837737956861
      }, 
      "8": {
        "err_abort_rate": [
          9.7934519666906079e-05, 
          0.00044664672494548193
        ], 
        "err_time": [
          3.651993, 
          4.4372439999999997
        ], 
        "med_abort_rate": 0.00023200205078158909, 
        "med_time": 3.7102379999999999, 
        "std_abort_rate": 0.00012167870673298246, 
        "std_time": 0.30267131738108244
      }, 
      "16": {
        "err_abort_rate": [
          9.2925495786259861e-05, 
          0.00045927001206232186
        ], 
        "err_time": [
          2.3184640000000001, 
          2.3684810000000001
        ], 
        "med_abort_rate": 0.00019233824838247685, 
        "med_time": 2.3453200000000001, 
        "std_abort_rate": 0.00013344678044448132, 
        "std_time": 0.019538686430771168
      }, 
      "24": {
        "err_abort_rate": [
          0.0002084994663786628, 
          0.00035257031742621993
        ], 
        "err_time": [
          1.7064060000000001, 
          1.729795
        ], 
        "med_abort_rate": 0.0003098640838234526, 
        "med_time": 1.713565, 
        "std_abort_rate": 5.432624858311989e-05, 
        "std_time": 0.0089689783899839469
      }
    }, 
    "50": {
      "1": {
        "err_abort_rate": [
          0.0, 
          0.0
        ], 
        "err_time": [
          29.635611999999998, 
          29.844380999999998
        ], 
        "med_abort_rate": 0.0, 
        "med_time": 29.722784000000001, 
        "std_abort_rate": 0.0, 
        "std_time": 0.072668699367471501
      }, 
      "2": {
        "err_abort_rate": [
          0.00033283036353778684, 
          0.00037397773538840761
        ], 
        "err_time": [
          15.445401, 
          15.544935000000001
        ], 
        "med_abort_rate": 0.00034713435785338074, 
        "med_time": 15.479801999999999, 
        "std_abort_rate": 1.4602757611640037e-05, 
        "std_time": 0.032959178575929456
      }, 
      "4": {
        "err_abort_rate": [
          0.0010324623315784804, 
          0.0010653344403879863
        ],