{
  "TL2 opacity": {
    "10": {
      "16": {
        "med_abort_rate": 0.20293745079390318, 
        "med_time": 3.3149150000000001, 
        "std_abort_rate": 0.0026281931479470366, 
        "std_time": 0.017627375046784528
      }
    }
  }, 
  "no opacity": {
    "10": {
      "16": {
        "med_abort_rate": 0.19204843340406941, 
        "med_time": 3.0715460000000001, 
        "std_abort_rate": 0.0008795667011209338, 
        "std_time": 0.009386308526785252
      }
    }
  }, 
  "slow opacity": {
    "10": {
      "16": {
        "med_abort_rate": 0.16234471984654175, 
        "med_time": 3.8224089999999999, 
        "std_abort_rate": 0.0010828459713696089, 
        "std_time": 0.035666649808469564
      }
    }
  }
}