{
  "TL2 opacity": {
    "2": {
      "1": {
        "med_abort_rate": 0.0, 
        "med_time": 15.084924000000001, 
        "std_abort_rate": 0.0, 
        "std_time": 0.016691750376758133
      }, 
      "2": {
        "med_abort_rate": 3.7924137314199423e-07, 
        "med_time": 10.566226, 
        "std_abort_rate": 5.2049480722563612e-08, 
        "std_time": 0.01100126802873218
      }, 
      "4": {
        "med_abort_rate": 1.7764439500297095e-06, 
        "med_time": 7.1936640000000001, 
        "std_abort_rate": 2.1173912667206638e-06, 
        "std_time": 0.011344761723368096
      }, 
      "8": {
        "med_abort_rate": 0.00012988332773060138, 
        "med_time": 5.9784490000000003, 
        "std_abort_rate": 9.5273001071226204e-05, 
        "std_time": 0.059703248166243068
      }, 
      "16": {
        "med_abort_rate": 2.4091235965632525e-05, 
        "med_time": 5.1422610000000004, 
        "std_abort_rate": 1.0902219146998527e-05, 
        "std_time": 0.032595735895359107
      }, 
      "24": {
        "med_abort_rate": 0.00047769592555540731, 
        "med_time": 4.1040760000000001, 
        "std_abort_rate": 0.00016631944316215842, 
        "std_time": 0.008701227352506051
      }
    }
  }, 
  "no opacity": {
    "2": {
      "1": {
        "med_abort_rate": 0.0, 
        "med_time": 14.793355999999999, 
        "std_abort_rate": 0.0, 
        "std_time": 0.028382865739738236
      }, 
      "2": {
        "med_abort_rate": 3.5928130804264383e-07, 
        "med_time": 7.882199, 
        "std_abort_rate": 1.0592007376996486e-07, 
        "std_time": 0.038706686044661771
      }, 
      "4": {
        "med_abort_rate": 5.6287108324060933e-06, 
        "med_time": 3.9678490000000002, 
        "std_abort_rate": 1.1075997998370993e-05, 
        "std_time": 0.12196367154427579
      }, 
      "8": {
        "med_abort_rate": 0.001218513413635365, 
        "med_time": 1.9187399999999999, 
        "std_abort_rate": 0.00095885171984526644, 
        "std_time": 0.049850631512950792
      }, 
      "16": {
        "med_abort_rate": 0.00049269126739441972, 
        "med_time": 1.2118450000000001, 
        "std_abort_rate": 0.00021961966355545545, 
        "std_time": 0.012502493648868603
      }, 
      "24": {
        "med_abort_rate": 0.00057727144784458799, 
        "med_time": 0.85349600000000003, 
        "std_abort_rate": 6.7713142090765132e-05, 
        "std_time": 0.0034542534591427733
      }
    }
  }
}