{
  "no opacity": {
    "10": {
      "1": {
        "err_abort_rate": [
          0.0, 
          0.0
        ], 
        "err_time": [
          8.4526280000000007, 
          8.4993979999999993
        ], 
        "med_abort_rate": 0.0, 
        "med_time": 8.4697359999999993, 
        "std_abort_rate": 0.0, 
        "std_time": 0.01606123367615276
      }, 
      "2": {
        "err_abort_rate": [
          1.1481349658577993e-05, 
          1.6172577949665258e-05
        ], 
        "err_time": [
          4.5162829999999996, 
          4.5285359999999999
        ], 
        "med_abort_rate": 1.3209702044676694e-05, 
        "med_time": 4.5229600000000003, 
        "std_abort_rate": 1.6789657155863306e-06, 
        "std_time": 0.0039734225347930066
      }, 
      "4": {
        "err_abort_rate": [
          4.4565915025268627e-05, 
          5.4688367043629589e-05
        ], 
        "err_time": [
          2.2876780000000001, 
          2.3107060000000001
        ], 
        "med_abort_rate": 5.0367833323951091e-05, 
        "med_time": 2.2927970000000002, 
        "std_abort_rate": 3.7159868344482278e-06, 
        "std_time": 0.0078714827065807669
      }, 
      "6": {
        "err_abort_rate": [
          7.6290494451286179e-05, 
          0.0001168999419203562
        ], 
        "err_time": [
          1.5454239999999999, 
          1.5555950000000001
        ], 
        "med_abort_rate": 8.221548258266236e-05, 
        "med_time": 1.5480750000000001, 
        "std_abort_rate": 1.5165167337710247e-05, 
        "std_time": 0.0035328868082632075
      }, 
      "8": {
        "err_abort_rate": [
          0.00010122432050088757, 
          0.00013825248854479382
        ], 
        "err_time": [
          1.1731419999999999, 
          1.1797010000000001
        ], 
        "med_abort_rate": 0.00010591470681253763, 
        "med_time": 1.177038, 
        "std_abort_rate": 1.6026293014722402e-05, 
        "std_time": 0.0026723673849230051
      }, 
      "10": {
        "err_abort_rate": [
          0.0001278848779341309, 
          0.00049617344278846261
        ], 
        "err_time": [
          0.94916699999999998, 
          1.0334890000000001
        ], 
        "med_abort_rate": 0.00013282186218225827, 
        "med_time": 0.95205799999999996, 
        "std_abort_rate": 0.00014492812801912235, 
        "std_time": 0.033067709352781041
      }, 
      "12": {
        "err_abort_rate": [
          0.00017256297993307321, 
          0.00089315306467693725
        ], 
        "err_time": [
          0.79743600000000003, 
          0.99069300000000005
        ], 
        "med_abort_rate": 0.00018737247747642105, 
        "med_time": 0.80076199999999997, 
        "std_abort_rate": 0.00028445897036910312, 
        "std_time": 0.074965863331519125
      }, 
      "14": {
        "err_abort_rate": [
          0.00018601495846632828, 
          0.00026252391504000375
        ], 
        "err_time": [
          0.83311500000000005, 
          0.84457000000000004
        ], 
        "med_abort_rate": 0.00020353901141756343, 
        "med_time": 0.83572299999999999, 
        "std_abort_rate": 2.6509633844331947e-05, 
        "std_time": 0.0045636392232515461
      }, 
      "16": {
        "err_abort_rate": [
          0.00023216830758190598, 
          0.00029016269475365852
        ], 
        "err_time": [
          0.74706099999999998, 
          0.76608500000000002
        ], 
        "med_abort_rate": 0.00026264704778793915, 
        "med_time": 0.75762799999999997, 
        "std_abort_rate": 2.2686673669604587e-05, 
        "std_time": 0.006654042157966852
      }, 
      "18": {
        "err_abort_rate": [
          0.00030040385435177068, 
          0.00042204444251384479
        ], 
        "err_time": [
          0.67212700000000003, 
          0.68310700000000002
        ], 
        "med_abort_rate": 0.00035160507283803297, 
        "med_time": 0.67340699999999998, 
        "std_abort_rate": 4.0213671554547448e-05, 
        "std_time": 0.0040437300800127635
      }, 
      "20": {
        "err_abort_rate": [
          0.00029559161210975275, 
          0.00050480676981539319
        ], 
        "err_time": [
          0.63753300000000002, 
          0.63958599999999999
        ], 
        "med_abort_rate": 0.00031656642063346605, 
        "med_time": 0.63841499999999995, 
        "std_abort_rate": 7.8050809743467238e-05, 
        "std_time": 0.0007746187707511281
      }, 
      "22": {
        "err_abort_rate": [
          0.00030632619123492405, 
          0.00061061517906176
        ], 
        "err_time": [
          0.58625899999999997, 
          0.60112600000000005
        ], 
        "med_abort_rate": 0.00032853432961595054, 
        "med_time": 0.58810099999999998, 
        "std_abort_rate": 0.00011444561118211367, 
        "std_time": 0.0055875857899454484
      }, 
      "24": {
        "err_abort_rate": [
          0.0003435859512838563, 
          0.00049703727285964252
        ], 
        "err_time": [
          0.54224000000000006, 
          0.55306100000000002
        ], 
        "med_abort_rate": 0.00037899248716195344, 
        "med_time": 0.544539, 
        "std_abort_rate": 5.483703752476829e-05, 
        "std_time": 0.004118064623096618
      }
    }
  }
}