{
  "no opacity": {
    "1": {
      "1": {
        "err_abort_rate": [
          0.0, 
          0.0
        ], 
        "err_time": [
          1.280041, 
          1.282454
        ], 
        "med_abort_rate": 0.0, 
        "med_time": 1.2809699999999999, 
        "std_abort_rate": 0.0, 
        "std_time": 0.00085748646636550391
      }
    }, 
    "2": {
      "1": {
        "err_abort_rate": [
          0.0, 
          0.0
        ], 
        "err_time": [
          0.88446599999999997, 
          0.88486299999999996
        ], 
        "med_abort_rate": 0.0, 
        "med_time": 0.88457699999999995, 
        "std_abort_rate": 0.0, 
        "std_time": 0.00013799043445109378
      }
    }, 
    "4": {
      "1": {
        "err_abort_rate": [
          0.0, 
          0.0
        ], 
        "err_time": [
          0.75599000000000005, 
          0.76007000000000002
        ], 
        "med_abort_rate": 0.0, 
        "med_time": 0.75902599999999998, 
        "std_abort_rate": 0.0, 
        "std_time": 0.0015232144957293304
      }
    }, 
    "8": {
      "1": {
        "err_abort_rate": [
          0.0, 
          0.0
        ], 
        "err_time": [
          0.73808099999999999, 
          0.74051800000000001
        ], 
        "med_abort_rate": 0.0, 
        "med_time": 0.739375, 
        "std_abort_rate": 0.0, 
        "std_time": 0.00082241191625608456
      }
    }, 
    "10": {
      "1": {
        "err_abort_rate": [
          0.0, 
          0.0
        ], 
        "err_time": [
          0.75292800000000004, 
          0.75691900000000001
        ], 
        "med_abort_rate": 0.0, 
        "med_time": 0.75378100000000003, 
        "std_abort_rate": 0.0, 
        "std_time": 0.0016168719924595199
      }
    }, 
    "12": {
      "1": {
        "err_abort_rate": [
          0.0, 
          0.0
        ], 
        "err_time": [
          0.76628300000000005, 
          0.76938899999999999
        ], 
        "med_abort_rate": 0.0, 
        "med_time": 0.767571, 
        "std_abort_rate": 0.0, 
        "std_time": 0.0010516125522263243
      }
    }, 
    "14": {
      "1": {
        "err_abort_rate": [
          0.0, 
          0.0
        ], 
        "err_time": [
          0.77753399999999995, 
          0.77943499999999999
        ], 
        "med_abort_rate": 0.0, 
        "med_time": 0.77881, 
        "std_abort_rate": 0.0, 
        "std_time": 0.00062245179733054067
      }
    }, 
    "16": {
      "1": {
        "err_abort_rate": [
          0.0, 
          0.0
        ], 
        "err_time": [
          0.78758799999999995, 
          0.78959199999999996
        ], 
        "med_abort_rate": 0.0, 
        "med_time": 0.78856000000000004, 
        "std_abort_rate": 0.0, 
        "std_time": 0.00063886950154158997
      }
    }, 
    "18": {
      "1": {
        "err_abort_rate": [
          0.0, 
          0.0
        ], 
        "err_time": [
          0.79739099999999996, 
          0.80264199999999997
        ], 
        "med_abort_rate": 0.0, 
        "med_time": 0.80130400000000002, 
        "std_abort_rate": 0.0, 
        "std_time": 0.0021615103423301054
      }
    }, 
    "20": {
      "1": {
        "err_abort_rate": [
          0.0, 
          0.0
        ], 
        "err_time": [
          0.80571899999999996, 
          0.81007899999999999
        ], 
        "med_abort_rate": 0.0, 
        "med_time": 0.80821600000000005, 
        "std_abort_rate": 0.0, 
        "std_time": 0.0017289338217525848
      }
    }, 
    "22": {
      "1": {
        "err_abort_rate": [
          0.0, 
          0.0
        ], 
        "err_time": [
          0.81265900000000002, 
          0.81346600000000002
        ], 
        "med_abort_rate": 0.0, 
        "med_time": 0.812697, 
        "std_abort_rate": 0.0, 
        "std_time": 0.00030635691603095994
      }
    }, 
    "24": {
      "1": {
        "err_abort_rate": [
          0.0, 
          0.0
        ], 
        "err_time": [
          0.82392699999999996, 
          0.82523500000000005
        ], 
        "med_abort_rate": 0.0, 
        "med_time": 0.82504200000000005, 
        "std_abort_rate": 0.0, 
        "std_time": 0.00051597635604746562
      }
    }, 
    "28": {
      "1": {
        "err_abort_rate": [
          0.0, 
          0.0
        ], 
        "err_time": [
          0.84233899999999995, 
          0.84419599999999995
        ], 
        "med_abort_rate": 0.0, 
        "med_time": 0.84282100000000004, 
        "std_abort_rate": 0.0, 
        "std_time": 0.00065165033568624219
      }
    }, 
    "30": {
      "1": {
        "err_abort_rate": [
          0.0, 
          0.0
        ], 
        "err_time": [
          0.84180699999999997, 
          0.84421100000000004
        ], 
        "med_abort_rate": 0.0, 
        "med_time": 0.843364, 
        "std_abort_rate": 0.0, 
        "std_time": 0.00082484631295777337
      }
    }, 
    "32": {
      "1": {
        "err_abort_rate": [
          0.0, 
          0.0
        ], 
        "err_time": [
          0.83804500000000004, 
          0.84187900000000004
        ], 
        "med_abort_rate": 0.0, 
        "med_time": 0.83973200000000003, 
        "std_abort_rate": 0.0, 
        "std_time": 0.0015271523041268588
      }
    }, 
    "36": {
      "1": {
        "err_abort_rate": [
          0.0, 
          0.0
        ], 
        "err_time": [
          0.83539799999999997, 
          0.837252
        ], 
        "med_abort_rate": 0.0, 
        "med_time": 0.83582900000000004, 
        "std_abort_rate": 0.0, 
        "std_time": 0.00066277797187293632
      }
    }, 
    "40": {
      "1": {
        "err_abort_rate": [
          0.0, 
          0.0
        ], 
        "err_time": [
          0.83120799999999995, 
          0.83303899999999997
        ], 
        "med_abort_rate": 0.0, 
        "med_time": 0.83207399999999998, 
        "std_abort_rate": 0.0, 
        "std_time": 0.00069286287243581124
      }
    }, 
    "44": {
      "1": {
        "err_abort_rate": [
          0.0, 
          0.0
        ], 
        "err_time": [
          0.83016100000000004, 
          0.83341900000000002
        ], 
        "med_abort_rate": 0.0, 
        "med_time": 0.83139600000000002, 
        "std_abort_rate": 0.0, 
        "std_time": 0.001084012435353025
      }
    }, 
    "48": {
      "1": {
        "err_abort_rate": [
          0.0, 
          0.0
        ], 
        "err_time": [
          0.83157099999999995, 
          0.83412600000000003
        ], 
        "med_abort_rate": 0.0, 
        "med_time": 0.83257800000000004, 
        "std_abort_rate": 0.0, 
        "std_time": 0.00086921606059714874
      }
    }, 
    "56": {
      "1": {
        "err_abort_rate": [
          0.0, 
          0.0
        ], 
        "err_time": [
          0.83492900000000003, 
          0.83791099999999996
        ], 
        "med_abort_rate": 0.0, 
        "med_time": 0.83645000000000003, 
        "std_abort_rate": 0.0, 
        "std_time": 0.0009700462669378012
      }
    }, 
    "64": {
      "1": {
        "err_abort_rate": [
          0.0, 
          0.0
        ], 
        "err_time": [
          0.83510600000000001, 
          0.83773299999999995
        ], 
        "med_abort_rate": 0.0, 
        "med_time": 0.83544499999999999, 
        "std_abort_rate": 0.0, 
        "std_time": 0.00097847117484367607
      }
    }, 
    "128": {
      "1": {
        "err_abort_rate": [
          0.0, 
          0.0
        ], 
        "err_time": [
          0.84651200000000004, 
          0.84906499999999996
        ], 
        "med_abort_rate": 0.0, 
        "med_time": 0.84756600000000004, 
        "std_abort_rate": 0.0, 
        "std_time": 0.00091579071845043465
      }
    }, 
    "256": {
      "1": {
        "err_abort_rate": [
          0.0, 
          0.0
        ], 
        "err_time": [
          0.89547299999999996, 
          0.899536
        ], 
        "med_abort_rate": 0.0, 
        "med_time": 0.896644,