{
  "TL2 opacity": {
    "50": {
      "16": {
        "err_abort_rate": [
          0.0046298230600481018, 
          0.0046797255963442995
        ], 
        "err_time": [
          4.4915789999999998, 
          4.5844100000000001
        ], 
        "med_abort_rate": 0.0046410760296926624, 
        "med_time": 4.5623630000000004, 
        "std_abort_rate": 2.0244925033759072e-05, 
        "std_time": 0.033605561869428778
      }
    }
  }, 
  "no opacity": {
    "50": {
      "16": {
        "err_abort_rate": [
          0.0045794262051716645, 
          0.0047192282224273125
        ], 
        "err_time": [
          4.3973500000000003, 
          4.5601960000000004
        ], 
        "med_abort_rate": 0.0046387520676786668, 
        "med_time": 4.4903940000000002, 
        "std_abort_rate": 5.0269091671780507e-05, 
        "std_time": 0.059182514740757704
      }
    }
  }, 
  "slow opacity": {
    "50": {
      "16": {
        "err_abort_rate": [
          0.0046731211361963525, 
          0.0046984377574651607
        ], 
        "err_time": [
          6.5589380000000004, 
          6.636139
        ], 
        "med_abort_rate": 0.0046843731268712855, 
        "med_time": 6.6097489999999999, 
        "std_abort_rate": 9.346472328048589e-06, 
        "std_time": 0.027547405954100216
      }
    }
  }
}