{
  "TL2 opacity": {
    "10": {
      "1": {
        "err_abort_rate": [
          0.0, 
          0.0
        ], 
        "err_time": [
          8.9381090000000007, 
          8.9651540000000001
        ], 
        "med_abort_rate": 0.0, 
        "med_time": 8.9534479999999999, 
        "std_abort_rate": 0.0, 
        "std_time": 0.0096431074369205706
      }, 
      "2": {
        "err_abort_rate": [
          1.3456609040693156e-05, 
          1.9999600007999841e-05
        ], 
        "err_time": [
          5.030964, 
          5.1120979999999996
        ], 
        "med_abort_rate": 1.6666388893518441e-05, 
        "med_time": 5.0384859999999998, 
        "std_abort_rate": 2.0988406345760433e-06, 
        "std_time": 0.030828152313104824
      }, 
      "4": {
        "err_abort_rate": [
          4.1109421057134318e-05, 
          5.4318037044901263e-05
        ], 
        "err_time": [
          2.5870649999999999, 
          2.602347
        ], 
        "med_abort_rate": 4.7898940149533576e-05, 
        "med_time": 2.595402, 
        "std_abort_rate": 4.520852837436555e-06, 
        "std_time": 0.0049756305087898097
      }, 
      "6": {
        "err_abort_rate": [
          7.5302989602755744e-05, 
          0.0001176405091204724
        ], 
        "err_time": [
          1.7904469999999999, 
          1.7983579999999999
        ], 
        "med_abort_rate": 9.2460608879650237e-05, 
        "med_time": 1.7952999999999999, 
        "std_abort_rate": 1.547702918031959e-05, 
        "std_time": 0.0034170874966848851
      }, 
      "8": {
        "err_abort_rate": [
          0.00010060716113131827, 
          0.00010677872054404067
        ], 
        "err_time": [
          1.399526, 
          1.463643
        ], 
        "med_abort_rate": 0.00010529755323297436, 
        "med_time": 1.4045110000000001, 
        "std_abort_rate": 2.2250509307318621e-06, 
        "std_time": 0.024231192352007786
      }, 
      "10": {
        "err_abort_rate": [
          0.00013775879767676454, 
          0.0001995897855946535
        ], 
        "err_time": [
          1.1725639999999999, 
          1.1859280000000001
        ], 
        "med_abort_rate": 0.0001450406885420942, 
        "med_time": 1.1805570000000001, 
        "std_abort_rate": 2.4458730096417126e-05, 
        "std_time": 0.0043380418347453154
      }, 
      "12": {
        "err_abort_rate": [
          0.00017305663691952273, 
          0.00019490047053836844
        ], 
        "err_time": [
          1.044071, 
          1.1724159999999999
        ], 
        "med_abort_rate": 0.00018687883462654967, 
        "med_time": 1.047437, 
        "std_abort_rate": 7.2570198376755045e-06, 
        "std_time": 0.049090298347433149
      }, 
      "14": {
        "err_abort_rate": [
          0.00018465743576982402, 
          0.00024278078918938
        ], 
        "err_time": [
          1.0432250000000001, 
          1.0694159999999999
        ], 
        "med_abort_rate": 0.00020650076249758537, 
        "med_time": 1.0590649999999999, 
        "std_abort_rate": 1.9224163001383073e-05, 
        "std_time": 0.0088147977401639415
      }, 
      "16": {
        "err_abort_rate": [
          0.00022538129058807238, 
          0.00025808152488042901
        ], 
        "err_time": [
          0.959399, 
          0.97402
        ], 
        "med_abort_rate": 0.00024672923311888829, 
        "med_time": 0.96584199999999998, 
        "std_abort_rate": 1.2098592399807221e-05, 
        "std_time": 0.0047399502697813203
      }, 
      "18": {
        "err_abort_rate": [
          0.00029053313694576857, 
          0.0003820765614294205
        ], 
        "err_time": [
          0.89022999999999997, 
          0.90922700000000001
        ], 
        "med_abort_rate": 0.00030780676449178687, 
        "med_time": 0.89477499999999999, 
        "std_abort_rate": 3.250428177980416e-05, 
        "std_time": 0.0068340926361880735
      }, 
      "20": {
        "err_abort_rate": [
          0.00029287716080215017, 
          0.00034617641668533306
        ], 
        "err_time": [
          0.83677400000000002, 
          0.84396000000000004
        ], 
        "med_abort_rate": 0.00033642998664893764, 
        "med_time": 0.83791000000000004, 
        "std_abort_rate": 2.1146003204680594e-05, 
        "std_time": 0.0026627082153326551
      }, 
      "22": {
        "err_abort_rate": [
          0.00030842366872113771, 
          0.00034753384258889017
        ], 
        "err_time": [
          0.78794600000000004, 
          0.80097399999999996
        ], 
        "med_abort_rate": 0.00032261225585941114, 
        "med_time": 0.79181500000000005, 
        "std_abort_rate": 1.3164266741606525e-05, 
        "std_time": 0.0043990347759479903
      }, 
      "24": {
        "err_abort_rate": [
          0.00034481967066636094, 
          0.00054155894200926631
        ], 
        "err_time": [
          0.75527100000000003, 
          0.78546300000000002
        ], 
        "med_abort_rate": 0.00037479811561824596, 
        "med_time": 0.76355399999999995, 
        "std_abort_rate": 7.3427402959851739e-05, 
        "std_time": 0.011032214156732096
      }
    }, 
    "50": {
      "1": {
        "err_abort_rate": [
          0.0, 
          0.0
        ], 
        "err_time": [
          48.752343000000003, 
          49.135460000000002
        ], 
        "med_abort_rate": 0.0, 
        "med_time": 48.857878999999997, 
        "std_abort_rate": 0.0, 
        "std_time": 0.12833822502341266
      }, 
      "2": {
        "err_abort_rate": [
          0.00034087142137458808, 
          0.00034765687044394561
        ], 
        "err_time": [
          25.637194000000001, 
          26.549495
        ], 
        "med_abort_rate": 0.00034617641668533306, 
        "med_time": 25.732261000000001, 
        "std_abort_rate": 2.9138738582622956e-06, 
        "std_time": 0.34219200032169056
      }, 
      "4": {
        "err_abort_rate": [
          0.0010208087365540176, 
          0.0010875813111625749
        ], 
        "err_time": [
          13.071142999999999, 
          13.441271
        ], 
        "med_abort_rate": 0.0010498842389473878, 
        "med_time": 13.170906, 
        "std_abort_rate": 2.1917144689003661e-05, 
        "std_time": 0.13115565261383155
      }, 
      "6": {
        "err_abort_rate": [
          0.0017463281509576829, 
          0.0018323159208893996
        ], 
        "err_time": [
          8.7529850000000007, 
          8.8978380000000001
        ], 
        "med_abort_rate": 0.0017676111960293511, 
        "med_time": 8.7689249999999994, 
        "std_abort_rate": 3.0972004487434615e-05, 
        "std_time": 0.05407715636532686
      }, 
      "8": {
        "err_abort_rate": [
          0.0024238636961230373, 
          0.0024949940026550875
        ], 
        "err_time": [
          6.6308400000000001, 
          6.8706420000000001
        ], 
        "med_abort_rate": 0.0024376237177474846, 
        "med_time": 6.6673410000000004, 
        "std_abort_rate": 2.8008645893754131e-05, 
        "std_time": 0.088956840629599715
      }, 
      "10": {
        "err_abort_rate": [
          0.003117166470079731, 
          0.0031716371072188585
        ], 
        "err_time": [
          5.3222399999999999, 
          5.878209
        ], 
        "med_abort_rate": 0.0031538489275966027, 
        "med_time": 5.3378909999999999, 
        "std_abort_rate": 1.9112765421123181e-05, 
        "std_time": 0.21787230087057888
      }, 
      "12": {
        "err_abort_rate": [
          0.0038566772167777266, 
          0.0039119245756445405
        ], 
        "err_time": [
          4.4908149999999996, 
          4.5239570000000002
        ], 
        "med_abort_rate": 0.0038641500560849633, 
        "med_time": 4.4911779999999997, 
        "std_abort_rate": 1.9699610640611419e-05, 
        "std_time": 0.012792964510229959
      },