{
  "TL2 opacity": {
    "10": {
      "16": {
        "med_abort_rate": 0.20722482857744801, 
        "med_time": 3.5103939999999998, 
        "std_abort_rate": 0.0015584101880718392, 
        "std_time": 0.011678314388643651
      }
    }
  }, 
  "no opacity": {
    "10": {
      "16": {
        "med_abort_rate": 0.20473116765995619, 
        "med_time": 3.3061940000000001, 
        "std_abort_rate": 0.0015378058720629383, 
        "std_time": 0.036642810252490138
      }
    }
  }, 
  "slow opacity": {
    "10": {
      "16": {
        "med_abort_rate": 0.16782754578919185, 
        "med_time": 4.0104240000000004, 
        "std_abort_rate": 0.0014137553615582484, 
        "std_time": 0.014088534254492233
      }
    }
  }
}