{
  "TL2 opacity": {
    "50": {
      "16": {
        "med_abort_rate": 0.0047206957518407446, 
        "med_time": 4.6548990000000003, 
        "std_abort_rate": 5.1519494005403132e-05, 
        "std_time": 0.10405362032029443
      }
    }
  }, 
  "no opacity": {
    "50": {
      "16": {
        "med_abort_rate": 0.0046886537086959614, 
        "med_time": 4.5810110000000002, 
        "std_abort_rate": 5.4378799260022797e-05, 
        "std_time": 0.045952351058895939
      }
    }
  }, 
  "slow opacity": {
    "50": {
      "16": {
        "med_abort_rate": 0.0047543254482844549, 
        "med_time": 6.7480520000000004, 
        "std_abort_rate": 5.5840357852566021e-05, 
        "std_time": 0.10734302689490346
      }
    }
  }
}