{
  "TL2 opacity": {
    "5": {
      "1": {
        "err_abort_rate": [
          0.0, 
          0.0
        ], 
        "err_time": [
          31.952857000000002, 
          32.081122999999998
        ], 
        "med_abort_rate": 0.0, 
        "med_time": 31.988524000000002, 
        "std_abort_rate": 0.0, 
        "std_time": 0.04494365736163311
      }, 
      "2": {
        "err_abort_rate": [
          3.4530818885595465e-06, 
          4.0917996243727943e-06
        ], 
        "err_time": [
          19.383133000000001, 
          19.467836999999999
        ], 
        "med_abort_rate": 3.9920000319360001e-06, 
        "med_time": 19.425477999999998, 
        "std_abort_rate": 2.8581057839067788e-07, 
        "std_time": 0.027109982320908693
      }, 
      "4": {
        "err_abort_rate": [
          9.8202628429277708e-06, 
          1.1736389201659669e-05
        ], 
        "err_time": [
          10.271029, 
          10.298870000000001
        ], 
        "med_abort_rate": 1.073840763945489e-05, 
        "med_time": 10.285902, 
        "std_abort_rate": 6.2184479137019647e-07, 
        "std_time": 0.0094924271163913752
      }, 
      "8": {
        "err_abort_rate": [
          8.7197984670757948e-05, 
          0.0004319490679177561
        ], 
        "err_time": [
          6.1198550000000003, 
          6.2897780000000001
        ], 
        "med_abort_rate": 0.00028622543677315224, 
        "med_time": 6.1451909999999996, 
        "std_abort_rate": 0.00012080267675525882, 
        "std_time": 0.062413981384301973
      }, 
      "16": {
        "err_abort_rate": [
          8.1789717080626824e-05, 
          0.00018683135498711798
        ], 
        "err_time": [
          4.614166, 
          4.6672539999999998
        ], 
        "med_abort_rate": 0.00013126021360429391, 
        "med_time": 4.6270350000000002, 
        "std_abort_rate": 4.5749323651966222e-05, 
        "std_time": 0.020444030058674637
      }, 
      "24": {
        "err_abort_rate": [
          0.00015350938989716628, 
          0.00019150027735211073
        ], 
        "err_time": [
          3.3892030000000002, 
          3.4265629999999998
        ], 
        "med_abort_rate": 0.00016995117874992407, 
        "med_time": 3.408935, 
        "std_abort_rate": 1.2770099100223192e-05, 
        "std_time": 0.01287250145698174
      }
    }, 
    "50": {
      "1": {
        "err_abort_rate": [
          0.0, 
          0.0
        ], 
        "err_time": [
          35.215707999999999, 
          35.296880999999999
        ], 
        "med_abort_rate": 0.0, 
        "med_time": 35.286980999999997, 
        "std_abort_rate": 0.0, 
        "std_time": 0.033953074402180886
      }, 
      "2": {
        "err_abort_rate": [
          0.0002942271304073056, 
          0.00032734379134675507
        ], 
        "err_time": [
          18.055721999999999, 
          18.613980999999999
        ], 
        "med_abort_rate": 0.00031421496341444051, 
        "med_time": 18.104184, 
        "std_abort_rate": 1.108179713407612e-05, 
        "std_time": 0.20795160520409509
      }, 
      "4": {
        "err_abort_rate": [
          0.00091856722319420435, 
          0.00095164253344559243
        ], 
        "err_time": [
          9.1554330000000004, 
          9.2018280000000008
        ], 
        "med_abort_rate": 0.0009404872001866478, 
        "med_time": 9.1684000000000001, 
        "std_abort_rate": 1.1439108419726442e-05, 
        "std_time": 0.015655126324626303
      }, 
      "8": {
        "err_abort_rate": [
          0.0021801385717441285, 
          0.0022853534316101824
        ], 
        "err_time": [
          4.6626380000000003, 
          4.9349239999999996
        ], 
        "med_abort_rate": 0.00220141757831545, 
        "med_time": 4.6785160000000001, 
        "std_abort_rate": 4.4717008022633514e-05, 
        "std_time": 0.10500356467396699
      }, 
      "16": {
        "err_abort_rate": [
          0.0045573705792831994, 
          0.0046308087843087656
        ], 
        "err_time": [
          2.8399860000000001, 
          2.872325
        ], 
        "med_abort_rate": 0.0045729139605525911, 
        "med_time": 2.8622510000000001, 
        "std_abort_rate": 2.6210459937414517e-05, 
        "std_time": 0.013888147479055628
      }, 
      "24": {
        "err_abort_rate": [
          0.0074007151007869382, 
          0.0075011622958052072
        ], 
        "err_time": [
          2.040089, 
          2.0445009999999999
        ], 
        "med_abort_rate": 0.0074756660870445206, 
        "med_time": 2.0421299999999998, 
        "std_abort_rate": 3.4584084699246511e-05, 
        "std_time": 0.001709346846020374
      }
    }
  }, 
  "no opacity": {
    "5": {
      "1": {
        "err_abort_rate": [
          0.0, 
          0.0
        ], 
        "err_time": [
          31.270030999999999, 
          31.403829000000002
        ], 
        "med_abort_rate": 0.0, 
        "med_time": 31.324137, 
        "std_abort_rate": 0.0, 
        "std_time": 0.04650336139936611
      }, 
      "2": {
        "err_abort_rate": [
          3.0339229310122652e-06, 
          3.6327213342258915e-06
        ], 
        "err_time": [
          16.566935000000001, 
          16.643373
        ], 
        "med_abort_rate": 3.2734423783522946e-06, 
        "med_time": 16.583134000000001, 
        "std_abort_rate": 2.0534507427488048e-07, 
        "std_time": 0.026819874879648573
      }, 
      "4": {
        "err_abort_rate": [
          8.8422371834117314e-06, 
          1.2854126186481754e-05
        ], 
        "err_time": [
          8.3225210000000001, 
          8.3998089999999994
        ], 
        "med_abort_rate": 9.4210689272548171e-06, 
        "med_time": 8.3838740000000005, 
        "std_abort_rate": 1.4982766802624566e-06, 
        "std_time": 0.027201939183815367
      }, 
      "8": {
        "err_abort_rate": [
          4.8919762428388981e-05, 
          0.00026727385496979109
        ], 
        "err_time": [
          4.2316989999999999, 
          4.4478989999999996
        ], 
        "med_abort_rate": 0.00015281097657389968, 
        "med_time": 4.2632859999999999, 
        "std_abort_rate": 9.4314486443559809e-05, 
        "std_time": 0.077543038329433378
      }, 
      "16": {
        "err_abort_rate": [
          5.7042654133622479e-05, 
          0.00013638858124622282
        ], 
        "err_time": [
          2.6802290000000002, 
          2.7517990000000001
        ], 
        "med_abort_rate": 9.6258198537094926e-05, 
        "med_time": 2.6997949999999999, 
        "std_abort_rate": 2.8487769748435453e-05, 
        "std_time": 0.02609910899168786
      }, 
      "24": {
        "err_abort_rate": [
          0.00027323873708349328, 
          0.00048371807667180894
        ], 
        "err_time": [
          1.9432689999999999, 
          1.9624630000000001
        ], 
        "med_abort_rate": 0.00039283969105868811, 
        "med_time": 1.9493240000000001, 
        "std_abort_rate": 7.7837371060849453e-05, 
        "std_time": 0.007174590608529533
      }
    }, 
    "50": {
      "1": {
        "err_abort_rate": [
          0.0, 
          0.0
        ], 
        "err_time": [
          34.677554999999998, 
          34.796900000000001
        ], 
        "med_abort_rate": 0.0, 
        "med_time": 34.712561999999998, 
        "std_abort_rate": 0.0, 
        "std_time": 0.041703106893372331
      }, 
      "2": {
        "err_abort_rate": [
          0.00028580064757957434, 
          0.0003332222592469177
        ], 
        "err_time": [
          17.629984, 
          17.658189
        ], 
        "med_abort_rate": 0.00031343114188316253, 
        "med_time": 17.649031999999998, 
        "std_abort_rate": 1.613575159341388e-05, 
        "std_time": 0.011125833660449688
      }, 
      "4": {
        "err_abort_rate": [
          0.00093676870040679499, 
          0.00096338472038140477
        ],