{
  "TL2 opacity": {
    "10": {
      "16": {
        "med_abort_rate": 0.00017935054366173574, 
        "med_time": 1.6630529999999999, 
        "std_abort_rate": 2.0711110370155173e-05, 
        "std_time": 0.0034512844333667463
      }
    }
  }, 
  "no opacity": {
    "10": {
      "16": {
        "med_abort_rate": 0.00021279421515716903, 
        "med_time": 0.84273699999999996, 
        "std_abort_rate": 0.00013210233008653625, 
        "std_time": 0.006688785330685963
      }
    }
  }, 
  "slow opacity": {
    "10": {
      "16": {
        "med_abort_rate": 0.00020724099288554879, 
        "med_time": 0.93436600000000003, 
        "std_abort_rate": 0.00016603451521350764, 
        "std_time": 0.018807075087849224
      }
    }
  }
}