{
  "no opacity": {
    "1": {
      "1": {
        "err_abort_rate": [
          0.0, 
          0.0
        ], 
        "err_time": [
          1.8570770000000001, 
          2.2671779999999999
        ], 
        "med_abort_rate": 0.0, 
        "med_time": 1.857766, 
        "std_abort_rate": 0.0, 
        "std_time": 0.16389727538552915
      }
    }, 
    "2": {
      "1": {
        "err_abort_rate": [
          0.0, 
          0.0
        ], 
        "err_time": [
          1.2583390000000001, 
          1.261207
        ], 
        "med_abort_rate": 0.0, 
        "med_time": 1.259266, 
        "std_abort_rate": 0.0, 
        "std_time": 0.00093926469112807901
      }
    }, 
    "4": {
      "1": {
        "err_abort_rate": [
          0.0, 
          0.0
        ], 
        "err_time": [
          1.0685389999999999, 
          1.0941259999999999
        ], 
        "med_abort_rate": 0.0, 
        "med_time": 1.0691409999999999, 
        "std_abort_rate": 0.0, 
        "std_time": 0.0099811526188111135
      }
    }, 
    "8": {
      "1": {
        "err_abort_rate": [
          0.0, 
          0.0
        ], 
        "err_time": [
          1.0032479999999999, 
          1.1906479999999999
        ], 
        "med_abort_rate": 0.0, 
        "med_time": 1.0052810000000001, 
        "std_abort_rate": 0.0, 
        "std_time": 0.074281710812285406
      }
    }, 
    "16": {
      "1": {
        "err_abort_rate": [
          0.0, 
          0.0
        ], 
        "err_time": [
          1.0579620000000001, 
          1.062003
        ], 
        "med_abort_rate": 0.0, 
        "med_time": 1.0599270000000001, 
        "std_abort_rate": 0.0, 
        "std_time": 0.0013054122107594968
      }
    }, 
    "32": {
      "1": {
        "err_abort_rate": [
          0.0, 
          0.0
        ], 
        "err_time": [
          1.1287940000000001, 
          1.3087409999999999
        ], 
        "med_abort_rate": 0.0, 
        "med_time": 1.132738, 
        "std_abort_rate": 0.0, 
        "std_time": 0.071081519593773415
      }
    }, 
    "64": {
      "1": {
        "err_abort_rate": [
          0.0, 
          0.0
        ], 
        "err_time": [
          1.140225, 
          1.3162160000000001
        ], 
        "med_abort_rate": 0.0, 
        "med_time": 1.1440600000000001, 
        "std_abort_rate": 0.0, 
        "std_time": 0.068891158804014918
      }
    }, 
    "128": {
      "1": {
        "err_abort_rate": [
          0.0, 
          0.0
        ], 
        "err_time": [
          1.1538759999999999, 
          1.3306910000000001
        ], 
        "med_abort_rate": 0.0, 
        "med_time": 1.154485, 
        "std_abort_rate": 0.0, 
        "std_time": 0.070480515835229268
      }
    }, 
    "256": {
      "1": {
        "err_abort_rate": [
          0.0, 
          0.0
        ], 
        "err_time": [
          1.229527, 
          1.4184209999999999
        ], 
        "med_abort_rate": 0.0, 
        "med_time": 1.2300169999999999, 
        "std_abort_rate": 0.0, 
        "std_time": 0.075176671289968647
      }
    }, 
    "512": {
      "1": {
        "err_abort_rate": [
          0.0, 
          0.0
        ], 
        "err_time": [
          1.388109, 
          1.3928119999999999
        ], 
        "med_abort_rate": 0.0, 
        "med_time": 1.3899189999999999, 
        "std_abort_rate": 0.0, 
        "std_time": 0.0015692022941609302
      }
    }
  }
}