{
  "TL2 opacity": {
    "5": {
      "1": {
        "err_abort_rate": [
          0.0, 
          0.0
        ], 
        "err_time": [
          26.87651, 
          26.929193999999999
        ], 
        "med_abort_rate": 0.0, 
        "med_time": 26.900511999999999, 
        "std_abort_rate": 0.0, 
        "std_time": 0.019721195758878624
      }, 
      "2": {
        "err_abort_rate": [
          4.0518797897884763e-06, 
          4.8103561018798297e-06
        ], 
        "err_time": [
          17.046882, 
          17.124496000000001
        ], 
        "med_abort_rate": 4.5907972877569622e-06, 
        "med_time": 17.066317999999999, 
        "std_abort_rate": 2.5511225068720495e-07, 
        "std_time": 0.028109113255313199
      }, 
      "4": {
        "err_abort_rate": [
          1.2295258006408544e-05, 
          0.00027942289902484939
        ], 
        "err_time": [
          9.3259290000000004, 
          9.3870850000000008
        ], 
        "med_abort_rate": 1.267449005386858e-05, 
        "med_time": 9.3291120000000003, 
        "std_abort_rate": 0.00010674536569913533, 
        "std_time": 0.028175744990328492
      }, 
      "8": {
        "err_abort_rate": [
          4.1874493958316876e-05, 
          0.00016596047650054734
        ], 
        "err_time": [
          5.7653639999999999, 
          5.8976620000000004
        ], 
        "med_abort_rate": 6.9077064356891428e-05, 
        "med_time": 5.8278600000000003, 
        "std_abort_rate": 4.3271849924976555e-05, 
        "std_time": 0.049582379621797228
      }, 
      "16": {
        "err_abort_rate": [
          7.9933729848542044e-05, 
          0.00017206619651204935
        ], 
        "err_time": [
          4.3985180000000001, 
          4.4540160000000002
        ], 
        "med_abort_rate": 9.5080779145072914e-05, 
        "med_time": 4.4493109999999998, 
        "std_abort_rate": 3.2329391690321082e-05, 
        "std_time": 0.023093168674740129
      }, 
      "24": {
        "err_abort_rate": [
          0.00014113778448483831, 
          0.00020855932165676525
        ], 
        "err_time": [
          3.2642329999999999, 
          3.2928459999999999
        ], 
        "med_abort_rate": 0.00016588068915683116, 
        "med_time": 3.27223, 
        "std_abort_rate": 2.5631198306975237e-05, 
        "std_time": 0.0097642862022781912
      }
    }, 
    "50": {
      "1": {
        "err_abort_rate": [
          0.0, 
          0.0
        ], 
        "err_time": [
          29.751463000000001, 
          29.903745000000001
        ], 
        "med_abort_rate": 0.0, 
        "med_time": 29.783439000000001, 
        "std_abort_rate": 0.0, 
        "std_time": 0.057175000867161985
      }, 
      "2": {
        "err_abort_rate": [
          0.00034321549601303551, 
          0.00035536386770742087
        ], 
        "err_time": [
          15.618657000000001, 
          15.691248
        ], 
        "med_abort_rate": 0.0003455668168043086, 
        "med_time": 15.675179, 
        "std_abort_rate": 4.4260215608087732e-06, 
        "std_time": 0.029555761648788356
      }, 
      "4": {
        "err_abort_rate": [
          0.0010340277191510983, 
          0.0010582905991946179
        ], 
        "err_time": [
          7.9352359999999997, 
          8.0279129999999999
        ], 
        "med_abort_rate": 0.0010438112803308074, 
        "med_time": 7.9564940000000002, 
        "std_abort_rate": 9.3082147004719511e-06, 
        "std_time": 0.032345099829185923
      }, 
      "8": {
        "err_abort_rate": [
          0.0024309388807040411, 
          0.0025298580952036356
        ], 
        "err_time": [
          4.051666, 
          4.0850679999999997
        ], 
        "med_abort_rate": 0.0025087881909558059, 
        "med_time": 4.0584610000000003, 
        "std_abort_rate": 4.1764064217301441e-05, 
        "std_time": 0.011972449380139267
      }, 
      "16": {
        "err_abort_rate": [
          0.0049491099757558782, 
          0.0051352577138593439
        ], 
        "err_time": [
          2.4998399999999998, 
          2.5521799999999999
        ], 
        "med_abort_rate": 0.0050467540235616636, 
        "med_time": 2.5273110000000001, 
        "std_abort_rate": 6.1285140778890085e-05, 
        "std_time": 0.016565662816802731
      }, 
      "24": {
        "err_abort_rate": [
          0.0081093990922825338, 
          0.0083338972227861123
        ], 
        "err_time": [
          1.8104039999999999, 
          1.823421
        ], 
        "med_abort_rate": 0.0083028515615657245, 
        "med_time": 1.8181449999999999, 
        "std_abort_rate": 9.1279813701393406e-05, 
        "std_time": 0.0045439890580854184
      }
    }
  }, 
  "no opacity": {
    "5": {
      "1": {
        "err_abort_rate": [
          0.0, 
          0.0
        ], 
        "err_time": [
          26.074701999999998, 
          27.047381999999999
        ], 
        "med_abort_rate": 0.0, 
        "med_time": 26.133654, 
        "std_abort_rate": 0.0, 
        "std_time": 0.37379369716280625
      }, 
      "2": {
        "err_abort_rate": [
          3.3532821686346439e-06, 
          6.5867829613098359e-06
        ], 
        "err_time": [
          13.321861, 
          14.223533
        ], 
        "med_abort_rate": 3.7524809288140795e-06, 
        "med_time": 14.206483, 
        "std_abort_rate": 1.1634399901185825e-06, 
        "std_time": 0.35661797058667699
      }, 
      "4": {
        "err_abort_rate": [
          1.0359174123525547e-05, 
          1.1616631519370374e-05
        ], 
        "err_time": [
          7.1977919999999997, 
          7.2808099999999998
        ], 
        "med_abort_rate": 1.1017842677661516e-05, 
        "med_time": 7.2603229999999996, 
        "std_abort_rate": 4.8711343870614564e-07, 
        "std_time": 0.030347932520025222
      }, 
      "8": {
        "err_abort_rate": [
          0.00011834926524664845, 
          0.00048300013107438499
        ], 
        "err_time": [
          3.6531739999999999, 
          3.7219389999999999
        ], 
        "med_abort_rate": 0.00016346628837588648, 
        "med_time": 3.6843849999999998, 
        "std_abort_rate": 0.00014371338757731357, 
        "std_time": 0.022710429683297489
      }, 
      "16": {
        "err_abort_rate": [
          0.00010493908643280512, 
          0.00023315919696492338
        ], 
        "err_time": [
          2.2730670000000002, 
          2.3432849999999998
        ], 
        "med_abort_rate": 0.00017274460524345335, 
        "med_time": 2.3195570000000001, 
        "std_abort_rate": 4.097537880814532e-05, 
        "std_time": 0.023734330485606629
      }, 
      "24": {
        "err_abort_rate": [
          0.00022238569885943117, 
          0.00047673875578047736
        ], 
        "err_time": [
          1.660407, 
          1.690113
        ], 
        "med_abort_rate": 0.00028000146226533315, 
        "med_time": 1.6691800000000001, 
        "std_abort_rate": 9.5359863659049665e-05, 
        "std_time": 0.012078178382521098
      }
    }, 
    "50": {
      "1": {
        "err_abort_rate": [
          0.0, 
          0.0
        ], 
        "err_time": [
          25.081116999999999, 
          30.654712
        ], 
        "med_abort_rate": 0.0, 
        "med_time": 29.288067999999999, 
        "std_abort_rate": 0.0, 
        "std_time": 1.8957883961479458
      }, 
      "2": {
        "err_abort_rate": [
          0.00031735023724821472, 
          0.00034321549601303551
        ], 
        "err_time": [
          15.281521, 
          16.525003999999999
        ], 
        "med_abort_rate": 0.00034262766408689726, 
        "med_time": 16.004805000000001, 
        "std_abort_rate": 1.1537766646926914e-05, 
        "std_time": 0.48397861302623685
      }, 
      "4": {
        "err_abort_rate": [
          0.0010209174467191568, 
          0.0010921392610745585
        ],