{
  "TL2 opacity": {
    "1": {
      "med_time": 11.832221000000001, 
      "stddev": 0.02591742011389218
    }, 
    "2": {
      "med_time": 6.4261359999999996, 
      "stddev": 0.010215676768574666
    }, 
    "4": {
      "med_time": 3.293129, 
      "stddev": 0.060344380545664808
    }, 
    "8": {
      "med_time": 1.7190529999999999, 
      "stddev": 0.13400726486575276
    }, 
    "16": {
      "med_time": 1.0773239999999999, 
      "stddev": 0.0054806138707264741
    }
  }, 
  "no opacity": {
    "1": {
      "med_time": 11.715032000000001, 
      "stddev": 0.028909945123434744
    }, 
    "2": {
      "med_time": 6.3053520000000001, 
      "stddev": 0.0088585445170184761
    }, 
    "4": {
      "med_time": 3.194455, 
      "stddev": 0.034121994910028326
    }, 
    "8": {
      "med_time": 1.641534, 
      "stddev": 0.010646023509273281
    }, 
    "16": {
      "med_time": 1.0446839999999999, 
      "stddev": 0.005035307077031142
    }
  }
}