{
  "no opacity": {
    "10": {
      "1": {
        "err_abort_rate": [
          0.0, 
          0.0
        ], 
        "err_time": [
          8.5285410000000006, 
          8.574109
        ], 
        "med_abort_rate": 0.0, 
        "med_time": 8.5348269999999999, 
        "std_abort_rate": 0.0, 
        "std_time": 0.016772104201917961
      }, 
      "2": {
        "err_abort_rate": [
          1.358006249297849e-05, 
          1.6296030731351045e-05
        ], 
        "err_time": [
          4.5524509999999996, 
          4.5656080000000001
        ], 
        "med_abort_rate": 1.3826969306103421e-05, 
        "med_time": 4.5554949999999996, 
        "std_abort_rate": 1.0591096891301204e-06, 
        "std_time": 0.004708647389643961
      }, 
      "4": {
        "err_abort_rate": [
          4.1603207372730297e-05, 
          5.4318037044901263e-05
        ], 
        "err_time": [
          2.3018109999999998, 
          2.3112400000000002
        ], 
        "med_abort_rate": 5.098505471264243e-05, 
        "med_time": 2.307712, 
        "std_abort_rate": 4.4785872140964434e-06, 
        "std_time": 0.0032755785687418352
      }, 
      "6": {
        "err_abort_rate": [
          7.4438921260286734e-05, 
          0.0001498541205933137
        ], 
        "err_time": [
          1.554271, 
          1.5739590000000001
        ], 
        "med_abort_rate": 9.4188681779403197e-05, 
        "med_time": 1.5623499999999999, 
        "std_abort_rate": 2.5710616386984727e-05, 
        "std_time": 0.0066755716878781719
      }, 
      "8": {
        "err_abort_rate": [
          0.00010393981267626254, 
          0.00011615934494523538
        ], 
        "err_time": [
          1.1856340000000001, 
          1.199163
        ], 
        "med_abort_rate": 0.00010751930255400931, 
        "med_time": 1.190124, 
        "std_abort_rate": 4.2939304358742533e-06, 
        "std_time": 0.0044194100330247474
      }, 
      "10": {
        "err_abort_rate": [
          0.00013652456837375045, 
          0.00036147422740591704
        ], 
        "err_time": [
          0.95318999999999998, 
          1.0365139999999999
        ], 
        "med_abort_rate": 0.00015256931164577849, 
        "med_time": 0.95950199999999997, 
        "std_abort_rate": 8.5148561023569837e-05, 
        "std_time": 0.030960533380418345
      }, 
      "12": {
        "err_abort_rate": [
          0.00017688246203599985, 
          0.00021489229526571661
        ], 
        "err_time": [
          0.80498599999999998, 
          0.82844600000000002
        ], 
        "med_abort_rate": 0.00018663201301881725, 
        "med_time": 0.81306900000000004, 
        "std_abort_rate": 1.403975691704081e-05, 
        "std_time": 0.0086126758304257561
      }, 
      "14": {
        "err_abort_rate": [
          0.00020230494328857978, 
          0.00023093453937693097
        ], 
        "err_time": [
          0.82197600000000004, 
          0.84641299999999997
        ], 
        "med_abort_rate": 0.00020847525346900231, 
        "med_time": 0.84226500000000004, 
        "std_abort_rate": 1.0659544872912554e-05, 
        "std_time": 0.0088078393127940125
      }, 
      "16": {
        "err_abort_rate": [
          0.00023278530455748205, 
          0.00029263039177050769
        ], 
        "err_time": [
          0.75149200000000005, 
          0.78800899999999996
        ], 
        "med_abort_rate": 0.00023364909904389011, 
        "med_time": 0.76883000000000001, 
        "std_abort_rate": 2.3147063053904993e-05, 
        "std_time": 0.011983970804370282
      }, 
      "18": {
        "err_abort_rate": [
          0.00029053313694576857, 
          0.0003466702440304285
        ], 
        "err_time": [
          0.68590499999999999, 
          0.71481099999999997
        ], 
        "med_abort_rate": 0.00034148862134490238, 
        "med_time": 0.68784500000000004, 
        "std_abort_rate": 2.0883685248404118e-05, 
        "std_time": 0.011017180735560246
      }, 
      "20": {
        "err_abort_rate": [
          0.00029793589910364986, 
          0.0003708500735221069
        ], 
        "err_time": [
          0.64242500000000002, 
          0.65188199999999996
        ], 
        "med_abort_rate": 0.00033852733574297003, 
        "med_time": 0.64851700000000001, 
        "std_abort_rate": 2.8799381939672885e-05, 
        "std_time": 0.0034088637051075928
      }, 
      "22": {
        "err_abort_rate": [
          0.00031681349065153366, 
          0.00039675649406463394
        ], 
        "err_time": [
          0.59255199999999997, 
          0.59715099999999999
        ], 
        "med_abort_rate": 0.0003870110406746629, 
        "med_time": 0.59395399999999998, 
        "std_abort_rate": 2.909910658189073e-05, 
        "std_time": 0.0017689220898615072
      }, 
      "24": {
        "err_abort_rate": [
          0.00034481967066636094, 
          0.00035962406573641605
        ], 
        "err_time": [
          0.55344400000000005, 
          0.561554
        ], 
        "med_abort_rate": 0.0003466702440304285, 
        "med_time": 0.55750999999999995, 
        "std_abort_rate": 5.3500989642756176e-06, 
        "std_time": 0.0028520435761046777
      }
    }
  }
}