{
  "TL2 opacity": {
    "10": {
      "16": {
        "err_abort_rate": [
          0.18594631688994434, 
          0.1900800726335283
        ], 
        "err_time": [
          3.3273510000000002, 
          3.4120879999999998
        ], 
        "med_abort_rate": 0.18766383784490734, 
        "med_time": 3.3625099999999999, 
        "std_abort_rate": 0.001573675121629879, 
        "std_time": 0.027431572513437776
      }
    }
  }, 
  "no opacity": {
    "10": {
      "16": {
        "err_abort_rate": [
          0.18528176689351789, 
          0.18874132562746723
        ], 
        "err_time": [
          3.1902590000000002, 
          3.1979389999999999
        ], 
        "med_abort_rate": 0.18536207453805506, 
        "med_time": 3.190747, 
        "std_abort_rate": 0.0015054361949855541, 
        "std_time": 0.0029314939263112021
      }
    }
  }, 
  "slow opacity": {
    "10": {
      "16": {
        "err_abort_rate": [
          0.14813761819575774, 
          0.15528966453849202
        ], 
        "err_time": [
          3.8741490000000001, 
          3.9753780000000001
        ], 
        "med_abort_rate": 0.15203900446111723, 
        "med_time": 3.9149189999999998, 
        "std_abort_rate": 0.0025702589510080611, 
        "std_time": 0.032655821517150664
      }
    }
  }
}