{
  "no opacity": {
    "10": {
      "1": {
        "err_abort_rate": [
          0.0, 
          0.0
        ], 
        "err_time": [
          9.9092380000000002, 
          9.968064
        ], 
        "med_abort_rate": 0.0, 
        "med_time": 9.9370890000000003
      }, 
      "2": {
        "err_abort_rate": [
          1.1604803598575523e-05, 
          1.4814595339328305e-05
        ], 
        "err_time": [
          5.1555710000000001, 
          5.1715859999999996
        ], 
        "med_abort_rate": 1.3456609040693156e-05, 
        "med_time": 5.1661279999999996
      }, 
      "4": {
        "err_abort_rate": [
          3.9010823775270004e-05, 
          5.1478831274982508e-05
        ], 
        "err_time": [
          2.6104270000000001, 
          2.6636150000000001
        ], 
        "med_abort_rate": 4.4319023391432407e-05, 
        "med_time": 2.6146729999999998
      }, 
      "8": {
        "err_abort_rate": [
          9.0362204304499886e-05, 
          0.00011171591322204124
        ], 
        "err_time": [
          1.348044, 
          1.3773299999999999
        ], 
        "med_abort_rate": 9.4805825817996517e-05, 
        "med_time": 1.353955
      }, 
      "16": {
        "err_abort_rate": [
          0.00019391300773640075, 
          0.00030817660284230896
        ], 
        "err_time": [
          0.85895600000000005, 
          0.88339000000000001
        ], 
        "med_abort_rate": 0.00021427506401097246, 
        "med_time": 0.86223899999999998
      }, 
      "24": {
        "err_abort_rate": [
          0.00031767714079712525, 
          0.00037492147998958417
        ], 
        "err_time": [
          0.62551699999999999, 
          0.64154299999999997
        ], 
        "med_abort_rate": 0.00034987788829750409, 
        "med_time": 0.62963000000000002
      }
    }
  }
}